id;title;link;source;time;seq;note
1;AI;Rustic Metal Ball;end-to-end tan Surinam Dollar;2020-11-27;67501;synthesize
2;yellow;client-driven;productize Shoes;2020-11-27;73580;dynamic
3;Bulgarian Lev;Music Tanzania;Division;2020-11-26;59044;Wooden Devolved
4;strategize;Junction Bermudian Dollar (customarily known as Bermuda Dollar);program Soft;2020-11-26;72927;South Carolina Integrated
5;navigate aggregate Product;emulation Communications parsing;program drive actuating;2020-11-26;47866;Facilitator
6;Strategist Engineer applications;Computers 24/7;Tunnel;2020-11-26;65264;Steel Small Fresh Chicken
7;Mississippi Credit Card Account;Senegal;Glens redundant;2020-11-26;41627;Handmade Steel Cheese impactful Incredible
8;Pizza Tasty Rubber Salad Data;Baby copying;Assurance generating Auto Loan Account;2020-11-27;7319;architectures Manat
9;Tasty Metal Shoes Computer;Cotton copying Metrics;Trace Practical Plastic Chair;2020-11-26;90400;pixel
10;mobile;Money Market Account;Internal Sao Tome and Principe transmitting;2020-11-26;8384;withdrawal
